ejercicio_presupuestario,PIB,finalidad_id,finalidad_desc,funcion_id,funcion_desc,gasto,ultima_actualizacion_fecha 
2020,27481439970000,1,ADMINISTRACION GUBERNAMENTAL,1,Legislativa,"28535693352,15",02-AGO-21
2020,27481439970000,1,ADMINISTRACION GUBERNAMENTAL,2,Judicial,"107594936046,34",02-AGO-21
2020,27481439970000,1,ADMINISTRACION GUBERNAMENTAL,3,Dirección Superior Ejecutiva,"27410520885,29",02-AGO-21
2020,27481439970000,1,ADMINISTRACION GUBERNAMENTAL,4,Relaciones Exteriores,"38040108265,05",02-AGO-21
2020,27481439970000,1,ADMINISTRACION GUBERNAMENTAL,5,Relaciones Interiores,"212869552852,47",02-AGO-21
2020,27481439970000,1,ADMINISTRACION GUBERNAMENTAL,6,Administración Fiscal,"3593106798,42",02-AGO-21
2020,27481439970000,1,ADMINISTRACION GUBERNAMENTAL,7,Control de la Gestión Pública,"5026364397,58",02-AGO-21
2020,27481439970000,1,ADMINISTRACION GUBERNAMENTAL,8,Información y Estadística Básicas,"2067758830,52",02-AGO-21
2020,27481439970000,2,SERVICIOS DE DEFENSA Y SEGURIDAD,1,Defensa,"95227619406,44",02-AGO-21
2020,27481439970000,2,SERVICIOS DE DEFENSA Y SEGURIDAD,2,Seguridad Interior,"124196671069,02",02-AGO-21
2020,27481439970000,2,SERVICIOS DE DEFENSA Y SEGURIDAD,3,Sistema Penal,"23889351818,02",02-AGO-21
2020,27481439970000,2,SERVICIOS DE DEFENSA Y SEGURIDAD,4,Inteligencia,"9664411743,14",02-AGO-21
2020,27481439970000,3,SERVICIOS SOCIALES,1,Salud,"335214640360,61",02-AGO-21
2020,27481439970000,3,SERVICIOS SOCIALES,2,Promoción y Asistencia Social,"244988434416,61",02-AGO-21
2020,27481439970000,3,SERVICIOS SOCIALES,3,Seguridad Social,"3614936857356,59",02-AGO-21
2020,27481439970000,3,SERVICIOS SOCIALES,4,Educación y Cultura,"323499960968,98",02-AGO-21
2020,27481439970000,3,SERVICIOS SOCIALES,5,Ciencia y Técnica,"65595261966,1",02-AGO-21
2020,27481439970000,3,SERVICIOS SOCIALES,6,Trabajo,"15014111137,95",02-AGO-21
2020,27481439970000,3,SERVICIOS SOCIALES,7,Vivienda y Urbanismo,"29547041134,99",02-AGO-21
2020,27481439970000,3,SERVICIOS SOCIALES,8,Agua Potable y Alcantarillado,"86138526215,87",02-AGO-21
2020,27481439970000,4,SERVICIOS ECONOMICOS,1,"Energía, Combustibles y Minería","478274873720,1",02-AGO-21
2020,27481439970000,4,SERVICIOS ECONOMICOS,2,Comunicaciones,"20949917464,23",02-AGO-21
2020,27481439970000,4,SERVICIOS ECONOMICOS,3,Transporte,"282678252150,29",02-AGO-21
2020,27481439970000,4,SERVICIOS ECONOMICOS,4,Ecología y Medio Ambiente,"18095178933,53",02-AGO-21
2020,27481439970000,4,SERVICIOS ECONOMICOS,5,Agricultura,"22632630417,39",02-AGO-21
2020,27481439970000,4,SERVICIOS ECONOMICOS,6,Industria,"137289812749,62",02-AGO-21
2020,27481439970000,4,SERVICIOS ECONOMICOS,7,"Comercio, Turismo y Otros Servicios","11560297415,04",02-AGO-21
2020,27481439970000,4,SERVICIOS ECONOMICOS,8,Seguros y Finanzas,"4205659527,82",02-AGO-21
2020,27481439970000,5,DEUDA PUBLICA,1,Servicio de la Deuda Pública,"632691777369,96",02-AGO-21
2019,"21447249859798,7",1,ADMINISTRACION GUBERNAMENTAL,1,Legislativa,"21498948814,24",31-AGO-20
2019,"21447249859798,7",1,ADMINISTRACION GUBERNAMENTAL,2,Judicial,"81827460351,01",31-AGO-20
2019,"21447249859798,7",1,ADMINISTRACION GUBERNAMENTAL,3,Dirección Superior Ejecutiva,"12745075016,34",31-AGO-20
2019,"21447249859798,7",1,ADMINISTRACION GUBERNAMENTAL,4,Relaciones Exteriores,"27784325402,95",31-AGO-20
2019,"21447249859798,7",1,ADMINISTRACION GUBERNAMENTAL,5,Relaciones Interiores,"76992572658,95",31-AGO-20
2019,"21447249859798,7",1,ADMINISTRACION GUBERNAMENTAL,6,Administración Fiscal,"2843686049,38",31-AGO-20
2019,"21447249859798,7",1,ADMINISTRACION GUBERNAMENTAL,7,Control de la Gestión Pública,"3981111476,05",31-AGO-20
2019,"21447249859798,7",1,ADMINISTRACION GUBERNAMENTAL,8,Información y Estadística Básicas,"2081427061,06",31-AGO-20
2019,"21447249859798,7",2,SERVICIOS DE DEFENSA Y SEGURIDAD,1,Defensa,"73831318760,45",31-AGO-20
2019,"21447249859798,7",2,SERVICIOS DE DEFENSA Y SEGURIDAD,2,Seguridad Interior,"96231854455,04",31-AGO-20
2019,"21447249859798,7",2,SERVICIOS DE DEFENSA Y SEGURIDAD,3,Sistema Penal,"18776604851,33",31-AGO-20
2019,"21447249859798,7",2,SERVICIOS DE DEFENSA Y SEGURIDAD,4,Inteligencia,"7740844859,28",31-AGO-20
2019,"21447249859798,7",3,SERVICIOS SOCIALES,1,Salud,"169323636847,18",31-AGO-20
2019,"21447249859798,7",3,SERVICIOS SOCIALES,2,Promoción y Asistencia Social,"90151113234,88",31-AGO-20
2019,"21447249859798,7",3,SERVICIOS SOCIALES,3,Seguridad Social,"2218102252823,83",31-AGO-20
2019,"21447249859798,7",3,SERVICIOS SOCIALES,4,Educación y Cultura,"238892384953,63",31-AGO-20
2019,"21447249859798,7",3,SERVICIOS SOCIALES,5,Ciencia y Técnica,"49052566208,85",31-AGO-20
2019,"21447249859798,7",3,SERVICIOS SOCIALES,6,Trabajo,"10645843304,29",31-AGO-20
2019,"21447249859798,7",3,SERVICIOS SOCIALES,7,Vivienda y Urbanismo,"29369815536,35",31-AGO-20
2019,"21447249859798,7",3,SERVICIOS SOCIALES,8,Agua Potable y Alcantarillado,"22765785003,74",31-AGO-20
2019,"21447249859798,7",4,SERVICIOS ECONOMICOS,1,"Energía, Combustibles y Minería","248109215587,27",31-AGO-20
2019,"21447249859798,7",4,SERVICIOS ECONOMICOS,2,Comunicaciones,"11818796196,38",31-AGO-20
2019,"21447249859798,7",4,SERVICIOS ECONOMICOS,3,Transporte,"267250632005,76",31-AGO-20
2019,"21447249859798,7",4,SERVICIOS ECONOMICOS,4,Ecología y Medio Ambiente,"15086646688,99",31-AGO-20
2019,"21447249859798,7",4,SERVICIOS ECONOMICOS,5,Agricultura,"12502185470,01",31-AGO-20
2019,"21447249859798,7",4,SERVICIOS ECONOMICOS,6,Industria,"9755041962,95",31-AGO-20
2019,"21447249859798,7",4,SERVICIOS ECONOMICOS,7,"Comercio, Turismo y Otros Servicios","3847732100,43",31-AGO-20
2019,"21447249859798,7",4,SERVICIOS ECONOMICOS,8,Seguros y Finanzas,"1286168193,08",31-AGO-20
2019,"21447249859798,7",5,DEUDA PUBLICA,1,Servicio de la Deuda Pública,"937794377680,07",31-AGO-20
2018,"14605790348987,9",1,ADMINISTRACION GUBERNAMENTAL,1,Legislativa,"16291083941,9",06-AGO-19
2018,"14605790348987,9",1,ADMINISTRACION GUBERNAMENTAL,2,Judicial,"54701314993,17",06-AGO-19
2018,"14605790348987,9",1,ADMINISTRACION GUBERNAMENTAL,3,Dirección Superior Ejecutiva,"11915195627,14",06-AGO-19
2018,"14605790348987,9",1,ADMINISTRACION GUBERNAMENTAL,4,Relaciones Exteriores,"20227849391,07",06-AGO-19
2018,"14605790348987,9",1,ADMINISTRACION GUBERNAMENTAL,5,Relaciones Interiores,"49845415382,86",06-AGO-19
2018,"14605790348987,9",1,ADMINISTRACION GUBERNAMENTAL,6,Administración Fiscal,"2228380140,98",06-AGO-19
2018,"14605790348987,9",1,ADMINISTRACION GUBERNAMENTAL,7,Control de la Gestión Pública,"2874068743,35",06-AGO-19
2018,"14605790348987,9",1,ADMINISTRACION GUBERNAMENTAL,8,Información y Estadística Básicas,"1962224953,76",06-AGO-19
2018,"14605790348987,9",2,SERVICIOS DE DEFENSA Y SEGURIDAD,1,Defensa,"59088425342,92",06-AGO-19
2018,"14605790348987,9",2,SERVICIOS DE DEFENSA Y SEGURIDAD,2,Seguridad Interior,"74748841124,01",06-AGO-19
2018,"14605790348987,9",2,SERVICIOS DE DEFENSA Y SEGURIDAD,3,Sistema Penal,"13181532943,41",06-AGO-19
2018,"14605790348987,9",2,SERVICIOS DE DEFENSA Y SEGURIDAD,4,Inteligencia,"5486857521,8",06-AGO-19
2018,"14605790348987,9",3,SERVICIOS SOCIALES,1,Salud,"118727523248,18",06-AGO-19
2018,"14605790348987,9",3,SERVICIOS SOCIALES,2,Promoción y Asistencia Social,"60984664233,32",06-AGO-19
2018,"14605790348987,9",3,SERVICIOS SOCIALES,3,Seguridad Social,"1538345700054,88",06-AGO-19
2018,"14605790348987,9",3,SERVICIOS SOCIALES,4,Educación y Cultura,"191481295913,42",06-AGO-19
2018,"14605790348987,9",3,SERVICIOS SOCIALES,5,Ciencia y Técnica,"37349945785,02",06-AGO-19
2018,"14605790348987,9",3,SERVICIOS SOCIALES,6,Trabajo,"7779557812,83",06-AGO-19
2018,"14605790348987,9",3,SERVICIOS SOCIALES,7,Vivienda y Urbanismo,"34781097137,73",06-AGO-19
2018,"14605790348987,9",3,SERVICIOS SOCIALES,8,Agua Potable y Alcantarillado,"19676234057,28",06-AGO-19
2018,"14605790348987,9",4,SERVICIOS ECONOMICOS,1,"Energía, Combustibles y Minería","206978911776,46",06-AGO-19
2018,"14605790348987,9",4,SERVICIOS ECONOMICOS,2,Comunicaciones,"11718524425,32",06-AGO-19
2018,"14605790348987,9",4,SERVICIOS ECONOMICOS,3,Transporte,"172620150720,41",06-AGO-19
2018,"14605790348987,9",4,SERVICIOS ECONOMICOS,4,Ecología y Medio Ambiente,"8159626837,21",06-AGO-19
2018,"14605790348987,9",4,SERVICIOS ECONOMICOS,5,Agricultura,"10070200202,56",06-AGO-19
2018,"14605790348987,9",4,SERVICIOS ECONOMICOS,6,Industria,"9186111033,25",06-AGO-19
2018,"14605790348987,9",4,SERVICIOS ECONOMICOS,7,"Comercio, Turismo y Otros Servicios","3330232435,16",06-AGO-19
2018,"14605790348987,9",4,SERVICIOS ECONOMICOS,8,Seguros y Finanzas,"1071929262,82",06-AGO-19
2018,"14605790348987,9",5,DEUDA PUBLICA,1,Servicio de la Deuda Pública,"554166578395,13",06-AGO-19
2017,"10644778799189,1",1,ADMINISTRACION GUBERNAMENTAL,1,Legislativa,"13342573068,08",06-AGO-19
2017,"10644778799189,1",1,ADMINISTRACION GUBERNAMENTAL,2,Judicial,"42891961486,84",06-AGO-19
2017,"10644778799189,1",1,ADMINISTRACION GUBERNAMENTAL,3,Dirección Superior Ejecutiva,"12608045710,26",06-AGO-19
2017,"10644778799189,1",1,ADMINISTRACION GUBERNAMENTAL,4,Relaciones Exteriores,"12909968145,97",06-AGO-19
2017,"10644778799189,1",1,ADMINISTRACION GUBERNAMENTAL,5,Relaciones Interiores,"89832889746,53",06-AGO-19
2017,"10644778799189,1",1,ADMINISTRACION GUBERNAMENTAL,6,Administración Fiscal,"1571611437,71",06-AGO-19
2017,"10644778799189,1",1,ADMINISTRACION GUBERNAMENTAL,7,Control de la Gestión Pública,"2248246801,88",06-AGO-19
2017,"10644778799189,1",1,ADMINISTRACION GUBERNAMENTAL,8,Información y Estadística Básicas,"1237498077,73",06-AGO-19
2017,"10644778799189,1",2,SERVICIOS DE DEFENSA Y SEGURIDAD,1,Defensa,"49675002079,29",06-AGO-19
2017,"10644778799189,1",2,SERVICIOS DE DEFENSA Y SEGURIDAD,2,Seguridad Interior,"62452550931,52",06-AGO-19
2017,"10644778799189,1",2,SERVICIOS DE DEFENSA Y SEGURIDAD,3,Sistema Penal,"10966127336,91",06-AGO-19
2017,"10644778799189,1",2,SERVICIOS DE DEFENSA Y SEGURIDAD,4,Inteligencia,"4521582437,97",06-AGO-19
2017,"10644778799189,1",3,SERVICIOS SOCIALES,1,Salud,"95000118101,67",06-AGO-19
2017,"10644778799189,1",3,SERVICIOS SOCIALES,2,Promoción y Asistencia Social,"51994832418,01",06-AGO-19
2017,"10644778799189,1",3,SERVICIOS SOCIALES,3,Seguridad Social,"1195793367873,63",06-AGO-19
2017,"10644778799189,1",3,SERVICIOS SOCIALES,4,Educación y Cultura,"165115246377,28",06-AGO-19
2017,"10644778799189,1",3,SERVICIOS SOCIALES,5,Ciencia y Técnica,"33705174455,08",06-AGO-19
2017,"10644778799189,1",3,SERVICIOS SOCIALES,6,Trabajo,"11043759255,89",06-AGO-19
2017,"10644778799189,1",3,SERVICIOS SOCIALES,7,Vivienda y Urbanismo,"26652983216,42",06-AGO-19
2017,"10644778799189,1",3,SERVICIOS SOCIALES,8,Agua Potable y Alcantarillado,"16636967701,23",06-AGO-19
2017,"10644778799189,1",4,SERVICIOS ECONOMICOS,1,"Energía, Combustibles y Minería","153641240469,08",06-AGO-19
2017,"10644778799189,1",4,SERVICIOS ECONOMICOS,2,Comunicaciones,"11114163290,02",06-AGO-19
2017,"10644778799189,1",4,SERVICIOS ECONOMICOS,3,Transporte,"142474356280,09",06-AGO-19
2017,"10644778799189,1",4,SERVICIOS ECONOMICOS,4,Ecología y Medio Ambiente,"7012265944,41",06-AGO-19
2017,"10644778799189,1",4,SERVICIOS ECONOMICOS,5,Agricultura,"11772592942,08",06-AGO-19
2017,"10644778799189,1",4,SERVICIOS ECONOMICOS,6,Industria,"9152043633,89",06-AGO-19
2017,"10644778799189,1",4,SERVICIOS ECONOMICOS,7,"Comercio, Turismo y Otros Servicios","3204394463,43",06-AGO-19
2017,"10644778799189,1",4,SERVICIOS ECONOMICOS,8,Seguros y Finanzas,"775585932,28",06-AGO-19
2017,"10644778799189,1",5,DEUDA PUBLICA,1,Servicio de la Deuda Pública,"324657411239,96",06-AGO-19
2016,"8228159556536,43",1,ADMINISTRACION GUBERNAMENTAL,1,Legislativa,"10584587844,83",06-AGO-19
2016,"8228159556536,43",1,ADMINISTRACION GUBERNAMENTAL,2,Judicial,32034687217,06-AGO-19
2016,"8228159556536,43",1,ADMINISTRACION GUBERNAMENTAL,3,Dirección Superior Ejecutiva,"8568422434,41",06-AGO-19
2016,"8228159556536,43",1,ADMINISTRACION GUBERNAMENTAL,4,Relaciones Exteriores,"15323563570,58",06-AGO-19
2016,"8228159556536,43",1,ADMINISTRACION GUBERNAMENTAL,5,Relaciones Interiores,"58257986450,84",06-AGO-19
2016,"8228159556536,43",1,ADMINISTRACION GUBERNAMENTAL,6,Administración Fiscal,"5974994359,01",06-AGO-19
2016,"8228159556536,43",1,ADMINISTRACION GUBERNAMENTAL,7,Control de la Gestión Pública,"1714855406,3",06-AGO-19
2016,"8228159556536,43",1,ADMINISTRACION GUBERNAMENTAL,8,Información y Estadística Básicas,"804554650,56",06-AGO-19
2016,"8228159556536,43",2,SERVICIOS DE DEFENSA Y SEGURIDAD,1,Defensa,"36562119649,65",06-AGO-19
2016,"8228159556536,43",2,SERVICIOS DE DEFENSA Y SEGURIDAD,2,Seguridad Interior,"58558310390,02",06-AGO-19
2016,"8228159556536,43",2,SERVICIOS DE DEFENSA Y SEGURIDAD,3,Sistema Penal,"7826633027,2",06-AGO-19
2016,"8228159556536,43",2,SERVICIOS DE DEFENSA Y SEGURIDAD,4,Inteligencia,"3751205559,51",06-AGO-19
2016,"8228159556536,43",3,SERVICIOS SOCIALES,1,Salud,"74310745422,41",06-AGO-19
2016,"8228159556536,43",3,SERVICIOS SOCIALES,2,Promoción y Asistencia Social,"30714819637,35",06-AGO-19
2016,"8228159556536,43",3,SERVICIOS SOCIALES,3,Seguridad Social,"883144234146,09",06-AGO-19
2016,"8228159556536,43",3,SERVICIOS SOCIALES,4,Educación y Cultura,"129150349295,52",06-AGO-19
2016,"8228159556536,43",3,SERVICIOS SOCIALES,5,Ciencia y Técnica,"27037818725,66",06-AGO-19
2016,"8228159556536,43",3,SERVICIOS SOCIALES,6,Trabajo,"7058143794,84",06-AGO-19
2016,"8228159556536,43",3,SERVICIOS SOCIALES,7,Vivienda y Urbanismo,"24212833567,13",06-AGO-19
2016,"8228159556536,43",3,SERVICIOS SOCIALES,8,Agua Potable y Alcantarillado,20318054859,06-AGO-19
2016,"8228159556536,43",4,SERVICIOS ECONOMICOS,1,"Energía, Combustibles y Minería","235466920490,97",06-AGO-19
2016,"8228159556536,43",4,SERVICIOS ECONOMICOS,2,Comunicaciones,"8668265524,22",06-AGO-19
2016,"8228159556536,43",4,SERVICIOS ECONOMICOS,3,Transporte,"116733075770,29",06-AGO-19
2016,"8228159556536,43",4,SERVICIOS ECONOMICOS,4,Ecología y Medio Ambiente,"5048806973,59",06-AGO-19
2016,"8228159556536,43",4,SERVICIOS ECONOMICOS,5,Agricultura,"9295256129,37",06-AGO-19
2016,"8228159556536,43",4,SERVICIOS ECONOMICOS,6,Industria,"9621016106,4",06-AGO-19
2016,"8228159556536,43",4,SERVICIOS ECONOMICOS,7,"Comercio, Turismo y Otros Servicios","2950644192,79",06-AGO-19
2016,"8228159556536,43",4,SERVICIOS ECONOMICOS,8,Seguros y Finanzas,"605187013,55",06-AGO-19
2016,"8228159556536,43",5,DEUDA PUBLICA,1,Servicio de la Deuda Pública,"306815163808,21",06-AGO-19
2015,"5954510895692,34",1,ADMINISTRACION GUBERNAMENTAL,1,Legislativa,"8222927965,78",06-AGO-19
2015,"5954510895692,34",1,ADMINISTRACION GUBERNAMENTAL,2,Judicial,"22867829895,96",06-AGO-19
2015,"5954510895692,34",1,ADMINISTRACION GUBERNAMENTAL,3,Dirección Superior Ejecutiva,"10707410442,5",06-AGO-19
2015,"5954510895692,34",1,ADMINISTRACION GUBERNAMENTAL,4,Relaciones Exteriores,"6550728065,97",06-AGO-19
2015,"5954510895692,34",1,ADMINISTRACION GUBERNAMENTAL,5,Relaciones Interiores,"29844489806,41",06-AGO-19
2015,"5954510895692,34",1,ADMINISTRACION GUBERNAMENTAL,6,Administración Fiscal,"3049677019,62",06-AGO-19
2015,"5954510895692,34",1,ADMINISTRACION GUBERNAMENTAL,7,Control de la Gestión Pública,"1302776436,94",06-AGO-19
2015,"5954510895692,34",1,ADMINISTRACION GUBERNAMENTAL,8,Información y Estadística Básicas,"627631621,32",06-AGO-19
2015,"5954510895692,34",2,SERVICIOS DE DEFENSA Y SEGURIDAD,1,Defensa,"27531851632,82",06-AGO-19
2015,"5954510895692,34",2,SERVICIOS DE DEFENSA Y SEGURIDAD,2,Seguridad Interior,"42664395579,52",06-AGO-19
2015,"5954510895692,34",2,SERVICIOS DE DEFENSA Y SEGURIDAD,3,Sistema Penal,"5832191817,31",06-AGO-19
2015,"5954510895692,34",2,SERVICIOS DE DEFENSA Y SEGURIDAD,4,Inteligencia,"2996715514,15",06-AGO-19
2015,"5954510895692,34",3,SERVICIOS SOCIALES,1,Salud,"56085592473,76",06-AGO-19
2015,"5954510895692,34",3,SERVICIOS SOCIALES,2,Promoción y Asistencia Social,"22151487177,61",06-AGO-19
2015,"5954510895692,34",3,SERVICIOS SOCIALES,3,Seguridad Social,"611547363616,02",06-AGO-19
2015,"5954510895692,34",3,SERVICIOS SOCIALES,4,Educación y Cultura,"98804907944,32",06-AGO-19
2015,"5954510895692,34",3,SERVICIOS SOCIALES,5,Ciencia y Técnica,"20949031863,87",06-AGO-19
2015,"5954510895692,34",3,SERVICIOS SOCIALES,6,Trabajo,"6410804769,56",06-AGO-19
2015,"5954510895692,34",3,SERVICIOS SOCIALES,7,Vivienda y Urbanismo,"30772198896,24",06-AGO-19
2015,"5954510895692,34",3,SERVICIOS SOCIALES,8,Agua Potable y Alcantarillado,"15092785818,79",06-AGO-19
2015,"5954510895692,34",4,SERVICIOS ECONOMICOS,1,"Energía, Combustibles y Minería","175290123094,78",06-AGO-19
2015,"5954510895692,34",4,SERVICIOS ECONOMICOS,2,Comunicaciones,"11853791600,7",06-AGO-19
2015,"5954510895692,34",4,SERVICIOS ECONOMICOS,3,Transporte,"89035691878,45",06-AGO-19
2015,"5954510895692,34",4,SERVICIOS ECONOMICOS,4,Ecología y Medio Ambiente,"3298092164,43",06-AGO-19
2015,"5954510895692,34",4,SERVICIOS ECONOMICOS,5,Agricultura,"7260477035,01",06-AGO-19
2015,"5954510895692,34",4,SERVICIOS ECONOMICOS,6,Industria,"6393246460,39",06-AGO-19
2015,"5954510895692,34",4,SERVICIOS ECONOMICOS,7,"Comercio, Turismo y Otros Servicios","4415541561,02",06-AGO-19
2015,"5954510895692,34",4,SERVICIOS ECONOMICOS,8,Seguros y Finanzas,"489650455,85",06-AGO-19
2015,"5954510895692,34",5,DEUDA PUBLICA,1,Servicio de la Deuda Pública,"109612714087,29",06-AGO-19
2014,"4579086425410,1",1,ADMINISTRACION GUBERNAMENTAL,1,Legislativa,"5749765161,3",07-NOV-17
2014,"4579086425410,1",1,ADMINISTRACION GUBERNAMENTAL,2,Judicial,"16168275599,59",07-NOV-17
2014,"4579086425410,1",1,ADMINISTRACION GUBERNAMENTAL,3,Dirección Superior Ejecutiva,"7872802343,36",07-NOV-17
2014,"4579086425410,1",1,ADMINISTRACION GUBERNAMENTAL,4,Relaciones Exteriores,"5885493416,85",07-NOV-17
2014,"4579086425410,1",1,ADMINISTRACION GUBERNAMENTAL,5,Relaciones Interiores,"20462193151,17",07-NOV-17
2014,"4579086425410,1",1,ADMINISTRACION GUBERNAMENTAL,6,Administración Fiscal,"2817843902,62",07-NOV-17
2014,"4579086425410,1",1,ADMINISTRACION GUBERNAMENTAL,7,Control de la Gestión Pública,"947320729,21",07-NOV-17
2014,"4579086425410,1",1,ADMINISTRACION GUBERNAMENTAL,8,Información y Estadística Básicas,"489957225,49",07-NOV-17
2014,"4579086425410,1",2,SERVICIOS DE DEFENSA Y SEGURIDAD,1,Defensa,"22419312527,11",07-NOV-17
2014,"4579086425410,1",2,SERVICIOS DE DEFENSA Y SEGURIDAD,2,Seguridad Interior,"32426324974,36",07-NOV-17
2014,"4579086425410,1",2,SERVICIOS DE DEFENSA Y SEGURIDAD,3,Sistema Penal,"4009193858,12",07-NOV-17
2014,"4579086425410,1",2,SERVICIOS DE DEFENSA Y SEGURIDAD,4,Inteligencia,"1990097837,02",07-NOV-17
2014,"4579086425410,1",3,SERVICIOS SOCIALES,1,Salud,"39353140869,3",07-NOV-17
2014,"4579086425410,1",3,SERVICIOS SOCIALES,2,Promoción y Asistencia Social,"19257006761,97",07-NOV-17
2014,"4579086425410,1",3,SERVICIOS SOCIALES,3,Seguridad Social,"425325755855,6",07-NOV-17
2014,"4579086425410,1",3,SERVICIOS SOCIALES,4,Educación y Cultura,"70626534382,77",07-NOV-17
2014,"4579086425410,1",3,SERVICIOS SOCIALES,5,Ciencia y Técnica,"16217999283,92",07-NOV-17
2014,"4579086425410,1",3,SERVICIOS SOCIALES,6,Trabajo,"4381496233,19",07-NOV-17
2014,"4579086425410,1",3,SERVICIOS SOCIALES,7,Vivienda y Urbanismo,"24949691654,01",07-NOV-17
2014,"4579086425410,1",3,SERVICIOS SOCIALES,8,Agua Potable y Alcantarillado,"14034323401,28",07-NOV-17
2014,"4579086425410,1",4,SERVICIOS ECONOMICOS,1,"Energía, Combustibles y Minería","213743617577,62",07-NOV-17
2014,"4579086425410,1",4,SERVICIOS ECONOMICOS,2,Comunicaciones,"8975408628,47",07-NOV-17
2014,"4579086425410,1",4,SERVICIOS ECONOMICOS,3,Transporte,"75066332203,05",07-NOV-17
2014,"4579086425410,1",4,SERVICIOS ECONOMICOS,4,Ecología y Medio Ambiente,"2849243611,11",07-NOV-17
2014,"4579086425410,1",4,SERVICIOS ECONOMICOS,5,Agricultura,"5303906390,1",07-NOV-17
2014,"4579086425410,1",4,SERVICIOS ECONOMICOS,6,Industria,"3544491494,64",07-NOV-17
2014,"4579086425410,1",4,SERVICIOS ECONOMICOS,7,"Comercio, Turismo y Otros Servicios","2090329943,18",07-NOV-17
2014,"4579086425410,1",4,SERVICIOS ECONOMICOS,8,Seguros y Finanzas,"389934921,18",07-NOV-17
2014,"4579086425410,1",5,DEUDA PUBLICA,1,Servicio de la Deuda Pública,"87016421313,46",07-NOV-17
2013,"3348308488227,21",1,ADMINISTRACION GUBERNAMENTAL,1,Legislativa,"4104481421,82",07-NOV-17
2013,"3348308488227,21",1,ADMINISTRACION GUBERNAMENTAL,2,Judicial,"11934664344,36",07-NOV-17
2013,"3348308488227,21",1,ADMINISTRACION GUBERNAMENTAL,3,Dirección Superior Ejecutiva,"5552317712,58",07-NOV-17
2013,"3348308488227,21",1,ADMINISTRACION GUBERNAMENTAL,4,Relaciones Exteriores,"3627646065,54",07-NOV-17
2013,"3348308488227,21",1,ADMINISTRACION GUBERNAMENTAL,5,Relaciones Interiores,"16197959069,27",07-NOV-17
2013,"3348308488227,21",1,ADMINISTRACION GUBERNAMENTAL,6,Administración Fiscal,"2652169471,95",07-NOV-17
2013,"3348308488227,21",1,ADMINISTRACION GUBERNAMENTAL,7,Control de la Gestión Pública,"714414410,4",07-NOV-17
2013,"3348308488227,21",1,ADMINISTRACION GUBERNAMENTAL,8,Información y Estadística Básicas,"407256942,34",07-NOV-17
2013,"3348308488227,21",2,SERVICIOS DE DEFENSA Y SEGURIDAD,1,Defensa,"16222170918,95",07-NOV-17
2013,"3348308488227,21",2,SERVICIOS DE DEFENSA Y SEGURIDAD,2,Seguridad Interior,"20537601786,66",07-NOV-17
2013,"3348308488227,21",2,SERVICIOS DE DEFENSA Y SEGURIDAD,3,Sistema Penal,2799285458,07-NOV-17
2013,"3348308488227,21",2,SERVICIOS DE DEFENSA Y SEGURIDAD,4,Inteligencia,"1422927934,14",07-NOV-17
2013,"3348308488227,21",3,SERVICIOS SOCIALES,1,Salud,"28576517217,3",07-NOV-17
2013,"3348308488227,21",3,SERVICIOS SOCIALES,2,Promoción y Asistencia Social,"12565581964,25",07-NOV-17
2013,"3348308488227,21",3,SERVICIOS SOCIALES,3,Seguridad Social,"314844938701,64",07-NOV-17
2013,"3348308488227,21",3,SERVICIOS SOCIALES,4,Educación y Cultura,"51943408351,29",07-NOV-17
2013,"3348308488227,21",3,SERVICIOS SOCIALES,5,Ciencia y Técnica,"11663974442,39",07-NOV-17
2013,"3348308488227,21",3,SERVICIOS SOCIALES,6,Trabajo,"3750624864,97",07-NOV-17
2013,"3348308488227,21",3,SERVICIOS SOCIALES,7,Vivienda y Urbanismo,"15015642533,77",07-NOV-17
2013,"3348308488227,21",3,SERVICIOS SOCIALES,8,Agua Potable y Alcantarillado,"10999932200,18",07-NOV-17
2013,"3348308488227,21",4,SERVICIOS ECONOMICOS,1,"Energía, Combustibles y Minería","95366081417,35",07-NOV-17
2013,"3348308488227,21",4,SERVICIOS ECONOMICOS,2,Comunicaciones,"8553399218,27",07-NOV-17
2013,"3348308488227,21",4,SERVICIOS ECONOMICOS,3,Transporte,"55360582715,23",07-NOV-17
2013,"3348308488227,21",4,SERVICIOS ECONOMICOS,4,Ecología y Medio Ambiente,"1930918509,53",07-NOV-17
2013,"3348308488227,21",4,SERVICIOS ECONOMICOS,5,Agricultura,"4703837292,52",07-NOV-17
2013,"3348308488227,21",4,SERVICIOS ECONOMICOS,6,Industria,"2257269386,06",07-NOV-17
2013,"3348308488227,21",4,SERVICIOS ECONOMICOS,7,"Comercio, Turismo y Otros Servicios","2149818160,81",07-NOV-17
2013,"3348308488227,21",4,SERVICIOS ECONOMICOS,8,Seguros y Finanzas,"281317775,26",07-NOV-17
2013,"3348308488227,21",5,DEUDA PUBLICA,1,Servicio de la Deuda Pública,"44798172646,62",07-NOV-17
2012,"2637913848215,55",1,ADMINISTRACION GUBERNAMENTAL,1,Legislativa,"3020196348,36",07-NOV-17
2012,"2637913848215,55",1,ADMINISTRACION GUBERNAMENTAL,2,Judicial,"8836840847,66",07-NOV-17
2012,"2637913848215,55",1,ADMINISTRACION GUBERNAMENTAL,3,Dirección Superior Ejecutiva,"3847855685,27",07-NOV-17
2012,"2637913848215,55",1,ADMINISTRACION GUBERNAMENTAL,4,Relaciones Exteriores,"2687494194,43",07-NOV-17
2012,"2637913848215,55",1,ADMINISTRACION GUBERNAMENTAL,5,Relaciones Interiores,"10938697251,85",07-NOV-17
2012,"2637913848215,55",1,ADMINISTRACION GUBERNAMENTAL,6,Administración Fiscal,"2586279374,81",07-NOV-17
2012,"2637913848215,55",1,ADMINISTRACION GUBERNAMENTAL,7,Control de la Gestión Pública,"550129814,49",07-NOV-17
2012,"2637913848215,55",1,ADMINISTRACION GUBERNAMENTAL,8,Información y Estadística Básicas,"354830411,05",07-NOV-17
2012,"2637913848215,55",2,SERVICIOS DE DEFENSA Y SEGURIDAD,1,Defensa,"11727803363,38",07-NOV-17
2012,"2637913848215,55",2,SERVICIOS DE DEFENSA Y SEGURIDAD,2,Seguridad Interior,"15182896092,76",07-NOV-17
2012,"2637913848215,55",2,SERVICIOS DE DEFENSA Y SEGURIDAD,3,Sistema Penal,"2297692272,26",07-NOV-17
2012,"2637913848215,55",2,SERVICIOS DE DEFENSA Y SEGURIDAD,4,Inteligencia,"1237150766,59",07-NOV-17
2012,"2637913848215,55",3,SERVICIOS SOCIALES,1,Salud,"19602285874,82",07-NOV-17
2012,"2637913848215,55",3,SERVICIOS SOCIALES,2,Promoción y Asistencia Social,"10809042224,45",07-NOV-17
2012,"2637913848215,55",3,SERVICIOS SOCIALES,3,Seguridad Social,"236508689965,58",07-NOV-17
2012,"2637913848215,55",3,SERVICIOS SOCIALES,4,Educación y Cultura,"38956074456,87",07-NOV-17
2012,"2637913848215,55",3,SERVICIOS SOCIALES,5,Ciencia y Técnica,"8650647598,71",07-NOV-17
2012,"2637913848215,55",3,SERVICIOS SOCIALES,6,Trabajo,"3259144588,86",07-NOV-17
2012,"2637913848215,55",3,SERVICIOS SOCIALES,7,Vivienda y Urbanismo,"5153041795,81",07-NOV-17
2012,"2637913848215,55",3,SERVICIOS SOCIALES,8,Agua Potable y Alcantarillado,"7630624541,59",07-NOV-17
2012,"2637913848215,55",4,SERVICIOS ECONOMICOS,1,"Energía, Combustibles y Minería","62344628946,66",07-NOV-17
2012,"2637913848215,55",4,SERVICIOS ECONOMICOS,2,Comunicaciones,"4936150121,96",07-NOV-17
2012,"2637913848215,55",4,SERVICIOS ECONOMICOS,3,Transporte,"43866948375,71",07-NOV-17
2012,"2637913848215,55",4,SERVICIOS ECONOMICOS,4,Ecología y Medio Ambiente,"1575329864,89",07-NOV-17
2012,"2637913848215,55",4,SERVICIOS ECONOMICOS,5,Agricultura,"3545521332,64",07-NOV-17
2012,"2637913848215,55",4,SERVICIOS ECONOMICOS,6,Industria,"1448577610,16",07-NOV-17
2012,"2637913848215,55",4,SERVICIOS ECONOMICOS,7,"Comercio, Turismo y Otros Servicios","1948554962,63",07-NOV-17
2012,"2637913848215,55",4,SERVICIOS ECONOMICOS,8,Seguros y Finanzas,"323041661,26",07-NOV-17
2012,"2637913848215,55",5,DEUDA PUBLICA,1,Servicio de la Deuda Pública,"48006780660,61",07-NOV-17
2011,"2179024103630,78",1,ADMINISTRACION GUBERNAMENTAL,1,Legislativa,"2040757151,94",07-NOV-17
2011,"2179024103630,78",1,ADMINISTRACION GUBERNAMENTAL,2,Judicial,"6670578959,2",07-NOV-17
2011,"2179024103630,78",1,ADMINISTRACION GUBERNAMENTAL,3,Dirección Superior Ejecutiva,"3352863533,05",07-NOV-17
2011,"2179024103630,78",1,ADMINISTRACION GUBERNAMENTAL,4,Relaciones Exteriores,"2068606040,63",07-NOV-17
2011,"2179024103630,78",1,ADMINISTRACION GUBERNAMENTAL,5,Relaciones Interiores,"12104547937,39",07-NOV-17
2011,"2179024103630,78",1,ADMINISTRACION GUBERNAMENTAL,6,Administración Fiscal,"2434119779,95",07-NOV-17
2011,"2179024103630,78",1,ADMINISTRACION GUBERNAMENTAL,7,Control de la Gestión Pública,"357249902,82",07-NOV-17
2011,"2179024103630,78",1,ADMINISTRACION GUBERNAMENTAL,8,Información y Estadística Básicas,"247899506,85",07-NOV-17
2011,"2179024103630,78",2,SERVICIOS DE DEFENSA Y SEGURIDAD,1,Defensa,"9473011068,51",07-NOV-17
2011,"2179024103630,78",2,SERVICIOS DE DEFENSA Y SEGURIDAD,2,Seguridad Interior,"11897926770,43",07-NOV-17
2011,"2179024103630,78",2,SERVICIOS DE DEFENSA Y SEGURIDAD,3,Sistema Penal,"1952018859,35",07-NOV-17
2011,"2179024103630,78",2,SERVICIOS DE DEFENSA Y SEGURIDAD,4,Inteligencia,"1019725377,69",07-NOV-17
2011,"2179024103630,78",3,SERVICIOS SOCIALES,1,Salud,"15273638789,39",07-NOV-17
2011,"2179024103630,78",3,SERVICIOS SOCIALES,2,Promoción y Asistencia Social,"9619106072,32",07-NOV-17
2011,"2179024103630,78",3,SERVICIOS SOCIALES,3,Seguridad Social,"175070050175,86",07-NOV-17
2011,"2179024103630,78",3,SERVICIOS SOCIALES,4,Educación y Cultura,"32838097165,31",07-NOV-17
2011,"2179024103630,78",3,SERVICIOS SOCIALES,5,Ciencia y Técnica,"6624471789,64",07-NOV-17
2011,"2179024103630,78",3,SERVICIOS SOCIALES,6,Trabajo,"3129308679,47",07-NOV-17
2011,"2179024103630,78",3,SERVICIOS SOCIALES,7,Vivienda y Urbanismo,"5964369051,41",07-NOV-17
2011,"2179024103630,78",3,SERVICIOS SOCIALES,8,Agua Potable y Alcantarillado,"5458359547,55",07-NOV-17
2011,"2179024103630,78",4,SERVICIOS ECONOMICOS,1,"Energía, Combustibles y Minería","50260761678,26",07-NOV-17
2011,"2179024103630,78",4,SERVICIOS ECONOMICOS,2,Comunicaciones,"3923379408,38",07-NOV-17
2011,"2179024103630,78",4,SERVICIOS ECONOMICOS,3,Transporte,"39028839413,4",07-NOV-17
2011,"2179024103630,78",4,SERVICIOS ECONOMICOS,4,Ecología y Medio Ambiente,"1838105618,26",07-NOV-17
2011,"2179024103630,78",4,SERVICIOS ECONOMICOS,5,Agricultura,"3463302622,09",07-NOV-17
2011,"2179024103630,78",4,SERVICIOS ECONOMICOS,6,Industria,"922496301,73",07-NOV-17
2011,"2179024103630,78",4,SERVICIOS ECONOMICOS,7,"Comercio, Turismo y Otros Servicios","1778528203,74",07-NOV-17
2011,"2179024103630,78",4,SERVICIOS ECONOMICOS,8,Seguros y Finanzas,"266360015,76",07-NOV-17
2011,"2179024103630,78",5,DEUDA PUBLICA,1,Servicio de la Deuda Pública,"41469756933,2",07-NOV-17
2010,"1661720925944,58",1,ADMINISTRACION GUBERNAMENTAL,1,Legislativa,"1440620252,14",07-NOV-17
2010,"1661720925944,58",1,ADMINISTRACION GUBERNAMENTAL,2,Judicial,"4785757336,71",07-NOV-17
2010,"1661720925944,58",1,ADMINISTRACION GUBERNAMENTAL,3,Dirección Superior Ejecutiva,"2407535188,23",07-NOV-17
2010,"1661720925944,58",1,ADMINISTRACION GUBERNAMENTAL,4,Relaciones Exteriores,"2696551637,78",07-NOV-17
2010,"1661720925944,58",1,ADMINISTRACION GUBERNAMENTAL,5,Relaciones Interiores,"10862574051,42",07-NOV-17
2010,"1661720925944,58",1,ADMINISTRACION GUBERNAMENTAL,6,Administración Fiscal,"2731207298,92",07-NOV-17
2010,"1661720925944,58",1,ADMINISTRACION GUBERNAMENTAL,7,Control de la Gestión Pública,"246329862,11",07-NOV-17
2010,"1661720925944,58",1,ADMINISTRACION GUBERNAMENTAL,8,Información y Estadística Básicas,"732328961,99",07-NOV-17
2010,"1661720925944,58",2,SERVICIOS DE DEFENSA Y SEGURIDAD,1,Defensa,"7683956360,16",07-NOV-17
2010,"1661720925944,58",2,SERVICIOS DE DEFENSA Y SEGURIDAD,2,Seguridad Interior,"10377764937,76",07-NOV-17
2010,"1661720925944,58",2,SERVICIOS DE DEFENSA Y SEGURIDAD,3,Sistema Penal,"1334636238,99",07-NOV-17
2010,"1661720925944,58",2,SERVICIOS DE DEFENSA Y SEGURIDAD,4,Inteligencia,"904736869,22",07-NOV-17
2010,"1661720925944,58",3,SERVICIOS SOCIALES,1,Salud,"11477097212,63",07-NOV-17
2010,"1661720925944,58",3,SERVICIOS SOCIALES,2,Promoción y Asistencia Social,"9382149614,09",07-NOV-17
2010,"1661720925944,58",3,SERVICIOS SOCIALES,3,Seguridad Social,"131623382761,38",07-NOV-17
2010,"1661720925944,58",3,SERVICIOS SOCIALES,4,Educación y Cultura,"21918794034,3",07-NOV-17
2010,"1661720925944,58",3,SERVICIOS SOCIALES,5,Ciencia y Técnica,"5075749218,74",07-NOV-17
2010,"1661720925944,58",3,SERVICIOS SOCIALES,6,Trabajo,"2315565303,99",07-NOV-17
2010,"1661720925944,58",3,SERVICIOS SOCIALES,7,Vivienda y Urbanismo,"5289874666,17",07-NOV-17
2010,"1661720925944,58",3,SERVICIOS SOCIALES,8,Agua Potable y Alcantarillado,"3403607261,16",07-NOV-17
2010,"1661720925944,58",3,SERVICIOS SOCIALES,9,Otros Servicios Urbanos,0,07-NOV-17
2010,"1661720925944,58",4,SERVICIOS ECONOMICOS,1,"Energía, Combustibles y Minería","30807038134,07",07-NOV-17
2010,"1661720925944,58",4,SERVICIOS ECONOMICOS,2,Comunicaciones,"2696799565,64",07-NOV-17
2010,"1661720925944,58",4,SERVICIOS ECONOMICOS,3,Transporte,"26825292371,26",07-NOV-17
2010,"1661720925944,58",4,SERVICIOS ECONOMICOS,4,Ecología y Medio Ambiente,"818933783,64",07-NOV-17
2010,"1661720925944,58",4,SERVICIOS ECONOMICOS,5,Agricultura,"5463761484,89",07-NOV-17
2010,"1661720925944,58",4,SERVICIOS ECONOMICOS,6,Industria,"701024440,39",07-NOV-17
2010,"1661720925944,58",4,SERVICIOS ECONOMICOS,7,"Comercio, Turismo y Otros Servicios","631613333,06",07-NOV-17
2010,"1661720925944,58",4,SERVICIOS ECONOMICOS,8,Seguros y Finanzas,"630889569,04",07-NOV-17
2010,"1661720925944,58",5,DEUDA PUBLICA,1,Servicio de la Deuda Pública,"23768587848,85",07-NOV-17
2009,"1247929268925,02",1,ADMINISTRACION GUBERNAMENTAL,1,Legislativa,"1069327293,69",07-NOV-17
2009,"1247929268925,02",1,ADMINISTRACION GUBERNAMENTAL,2,Judicial,"3605777758,21",07-NOV-17
2009,"1247929268925,02",1,ADMINISTRACION GUBERNAMENTAL,3,Dirección Superior Ejecutiva,"2255005469,6",07-NOV-17
2009,"1247929268925,02",1,ADMINISTRACION GUBERNAMENTAL,4,Relaciones Exteriores,"2193676038,85",07-NOV-17
2009,"1247929268925,02",1,ADMINISTRACION GUBERNAMENTAL,5,Relaciones Interiores,"7176516168,17",07-NOV-17
2009,"1247929268925,02",1,ADMINISTRACION GUBERNAMENTAL,6,Administración Fiscal,"237327945,07",07-NOV-17
2009,"1247929268925,02",1,ADMINISTRACION GUBERNAMENTAL,7,Control de la Gestión Pública,"176326143,13",07-NOV-17
2009,"1247929268925,02",1,ADMINISTRACION GUBERNAMENTAL,8,Información y Estadística Básicas,"160620545,11",07-NOV-17
2009,"1247929268925,02",2,SERVICIOS DE DEFENSA Y SEGURIDAD,1,Defensa,"6209914259,76",07-NOV-17
2009,"1247929268925,02",2,SERVICIOS DE DEFENSA Y SEGURIDAD,2,Seguridad Interior,"6691038005,82",07-NOV-17
2009,"1247929268925,02",2,SERVICIOS DE DEFENSA Y SEGURIDAD,3,Sistema Penal,"1026234082,03",07-NOV-17
2009,"1247929268925,02",2,SERVICIOS DE DEFENSA Y SEGURIDAD,4,Inteligencia,"801696370,76",07-NOV-17
2009,"1247929268925,02",3,SERVICIOS SOCIALES,1,Salud,"9375263919,4",07-NOV-17
2009,"1247929268925,02",3,SERVICIOS SOCIALES,2,Promoción y Asistencia Social,"6930496014,52",07-NOV-17
2009,"1247929268925,02",3,SERVICIOS SOCIALES,3,Seguridad Social,"98398601983,74",07-NOV-17
2009,"1247929268925,02",3,SERVICIOS SOCIALES,4,Educación y Cultura,"17144295188,8",07-NOV-17
2009,"1247929268925,02",3,SERVICIOS SOCIALES,5,Ciencia y Técnica,"4038658052,18",07-NOV-17
2009,"1247929268925,02",3,SERVICIOS SOCIALES,6,Trabajo,"2911891955,59",07-NOV-17
2009,"1247929268925,02",3,SERVICIOS SOCIALES,7,Vivienda y Urbanismo,"5295571185,53",07-NOV-17
2009,"1247929268925,02",3,SERVICIOS SOCIALES,8,Agua Potable y Alcantarillado,"2586395107,89",07-NOV-17
2009,"1247929268925,02",4,SERVICIOS ECONOMICOS,1,"Energía, Combustibles y Minería","17578730962,86",07-NOV-17
2009,"1247929268925,02",4,SERVICIOS ECONOMICOS,2,Comunicaciones,"1315690473,18",07-NOV-17
2009,"1247929268925,02",4,SERVICIOS ECONOMICOS,3,Transporte,"20869930811,15",07-NOV-17
2009,"1247929268925,02",4,SERVICIOS ECONOMICOS,4,Ecología y Medio Ambiente,"536542424,38",07-NOV-17
2009,"1247929268925,02",4,SERVICIOS ECONOMICOS,5,Agricultura,"4165878229,94",07-NOV-17
2009,"1247929268925,02",4,SERVICIOS ECONOMICOS,6,Industria,"556645808,07",07-NOV-17
2009,"1247929268925,02",4,SERVICIOS ECONOMICOS,7,"Comercio, Turismo y Otros Servicios","415927513,99",07-NOV-17
2009,"1247929268925,02",4,SERVICIOS ECONOMICOS,8,Seguros y Finanzas,"87568374,98",07-NOV-17
2009,"1247929268925,02",5,DEUDA PUBLICA,1,Servicio de la Deuda Pública,"26102544022,76",07-NOV-17
2008,"1149646090583,64",1,ADMINISTRACION GUBERNAMENTAL,1,Legislativa,"828148994,01",07-NOV-17
2008,"1149646090583,64",1,ADMINISTRACION GUBERNAMENTAL,2,Judicial,"2824777519,75",07-NOV-17
2008,"1149646090583,64",1,ADMINISTRACION GUBERNAMENTAL,3,Dirección Superior Ejecutiva,"1243343000,9",07-NOV-17
2008,"1149646090583,64",1,ADMINISTRACION GUBERNAMENTAL,4,Relaciones Exteriores,"1747296057,43",07-NOV-17
2008,"1149646090583,64",1,ADMINISTRACION GUBERNAMENTAL,5,Relaciones Interiores,"1675011635,67",07-NOV-17
2008,"1149646090583,64",1,ADMINISTRACION GUBERNAMENTAL,6,Administración Fiscal,"171165624,86",07-NOV-17
2008,"1149646090583,64",1,ADMINISTRACION GUBERNAMENTAL,7,Control de la Gestión Pública,"135763684,68",07-NOV-17
2008,"1149646090583,64",1,ADMINISTRACION GUBERNAMENTAL,8,Información y Estadística Básicas,"135604326,85",07-NOV-17
2008,"1149646090583,64",2,SERVICIOS DE DEFENSA Y SEGURIDAD,1,Defensa,"5006050076,57",07-NOV-17
2008,"1149646090583,64",2,SERVICIOS DE DEFENSA Y SEGURIDAD,2,Seguridad Interior,"4565954434,74",07-NOV-17
2008,"1149646090583,64",2,SERVICIOS DE DEFENSA Y SEGURIDAD,3,Sistema Penal,"608590231,43",07-NOV-17
2008,"1149646090583,64",2,SERVICIOS DE DEFENSA Y SEGURIDAD,4,Inteligencia,"641863909,45",07-NOV-17
2008,"1149646090583,64",3,SERVICIOS SOCIALES,1,Salud,"6724471542,07",07-NOV-17
2008,"1149646090583,64",3,SERVICIOS SOCIALES,2,Promoción y Asistencia Social,"4659715631,24",07-NOV-17
2008,"1149646090583,64",3,SERVICIOS SOCIALES,3,Seguridad Social,"74033087449,24",07-NOV-17
2008,"1149646090583,64",3,SERVICIOS SOCIALES,4,Educación y Cultura,"13445728046,02",07-NOV-17
2008,"1149646090583,64",3,SERVICIOS SOCIALES,5,Ciencia y Técnica,"2993316913,89",07-NOV-17
2008,"1149646090583,64",3,SERVICIOS SOCIALES,6,Trabajo,"2557799795,21",07-NOV-17
2008,"1149646090583,64",3,SERVICIOS SOCIALES,7,Vivienda y Urbanismo,"3758076892,34",07-NOV-17
2008,"1149646090583,64",3,SERVICIOS SOCIALES,8,Agua Potable y Alcantarillado,"1944727944,17",07-NOV-17
2008,"1149646090583,64",4,SERVICIOS ECONOMICOS,1,"Energía, Combustibles y Minería","18999314220,88",07-NOV-17
2008,"1149646090583,64",4,SERVICIOS ECONOMICOS,2,Comunicaciones,"587539088,69",07-NOV-17
2008,"1149646090583,64",4,SERVICIOS ECONOMICOS,3,Transporte,"15812126522,25",07-NOV-17
2008,"1149646090583,64",4,SERVICIOS ECONOMICOS,4,Ecología y Medio Ambiente,"367615743,71",07-NOV-17
2008,"1149646090583,64",4,SERVICIOS ECONOMICOS,5,Agricultura,"5012092641,72",07-NOV-17
2008,"1149646090583,64",4,SERVICIOS ECONOMICOS,6,Industria,"411340088,61",07-NOV-17
2008,"1149646090583,64",4,SERVICIOS ECONOMICOS,7,"Comercio, Turismo y Otros Servicios","329403217,55",07-NOV-17
2008,"1149646090583,64",4,SERVICIOS ECONOMICOS,8,Seguros y Finanzas,"84280622,26",07-NOV-17
2008,"1149646090583,64",5,DEUDA PUBLICA,1,Servicio de la Deuda Pública,"21669939025,49",07-NOV-17
2007,"896980174071,903",1,ADMINISTRACION GUBERNAMENTAL,1,Legislativa,"623219705,98",07-NOV-17
2007,"896980174071,903",1,ADMINISTRACION GUBERNAMENTAL,2,Judicial,"2044502910,69",07-NOV-17
2007,"896980174071,903",1,ADMINISTRACION GUBERNAMENTAL,3,Dirección Superior Ejecutiva,"819202533,74",07-NOV-17
2007,"896980174071,903",1,ADMINISTRACION GUBERNAMENTAL,4,Relaciones Exteriores,"1205365968,44",07-NOV-17
2007,"896980174071,903",1,ADMINISTRACION GUBERNAMENTAL,5,Relaciones Interiores,"1592031297,84",07-NOV-17
2007,"896980174071,903",1,ADMINISTRACION GUBERNAMENTAL,6,Administración Fiscal,"132326137,51",07-NOV-17
2007,"896980174071,903",1,ADMINISTRACION GUBERNAMENTAL,7,Control de la Gestión Pública,"103155305,44",07-NOV-17
2007,"896980174071,903",1,ADMINISTRACION GUBERNAMENTAL,8,Información y Estadística Básicas,"103248243,9",07-NOV-17
2007,"896980174071,903",2,SERVICIOS DE DEFENSA Y SEGURIDAD,1,Defensa,"4141106707,9",07-NOV-17
2007,"896980174071,903",2,SERVICIOS DE DEFENSA Y SEGURIDAD,2,Seguridad Interior,"3518724650,14",07-NOV-17
2007,"896980174071,903",2,SERVICIOS DE DEFENSA Y SEGURIDAD,3,Sistema Penal,"488741276,39",07-NOV-17
2007,"896980174071,903",2,SERVICIOS DE DEFENSA Y SEGURIDAD,4,Inteligencia,"524491223,78",07-NOV-17
2007,"896980174071,903",3,SERVICIOS SOCIALES,1,Salud,"5074091773,31",07-NOV-17
2007,"896980174071,903",3,SERVICIOS SOCIALES,2,Promoción y Asistencia Social,"3452261991,16",07-NOV-17
2007,"896980174071,903",3,SERVICIOS SOCIALES,3,Seguridad Social,"56569986350,19",07-NOV-17
2007,"896980174071,903",3,SERVICIOS SOCIALES,4,Educación y Cultura,"11156503908,19",07-NOV-17
2007,"896980174071,903",3,SERVICIOS SOCIALES,5,Ciencia y Técnica,"2291294395,57",07-NOV-17
2007,"896980174071,903",3,SERVICIOS SOCIALES,6,Trabajo,"2635987393,03",07-NOV-17
2007,"896980174071,903",3,SERVICIOS SOCIALES,7,Vivienda y Urbanismo,"3123840674,15",07-NOV-17
2007,"896980174071,903",3,SERVICIOS SOCIALES,8,Agua Potable y Alcantarillado,"1093240210,09",07-NOV-17
2007,"896980174071,903",4,SERVICIOS ECONOMICOS,1,"Energía, Combustibles y Minería","9935814251,51",07-NOV-17
2007,"896980174071,903",4,SERVICIOS ECONOMICOS,2,Comunicaciones,"412491044,27",07-NOV-17
2007,"896980174071,903",4,SERVICIOS ECONOMICOS,3,Transporte,"10681041024,7",07-NOV-17
2007,"896980174071,903",4,SERVICIOS ECONOMICOS,4,Ecología y Medio Ambiente,"220072564,38",07-NOV-17
2007,"896980174071,903",4,SERVICIOS ECONOMICOS,5,Agricultura,"1940382230,46",07-NOV-17
2007,"896980174071,903",4,SERVICIOS ECONOMICOS,6,Industria,"817112530,94",07-NOV-17
2007,"896980174071,903",4,SERVICIOS ECONOMICOS,7,"Comercio, Turismo y Otros Servicios","258439222,68",07-NOV-17
2007,"896980174071,903",4,SERVICIOS ECONOMICOS,8,Seguros y Finanzas,"209079980,15",07-NOV-17
2007,"896980174071,903",5,DEUDA PUBLICA,1,Servicio de la Deuda Pública,"17253329227,73",07-NOV-17
2006,"715904271733,848",1,ADMINISTRACION GUBERNAMENTAL,1,Legislativa,"536616363,48",07-NOV-17
2006,"715904271733,848",1,ADMINISTRACION GUBERNAMENTAL,2,Judicial,"1643660704,02",07-NOV-17
2006,"715904271733,848",1,ADMINISTRACION GUBERNAMENTAL,3,Dirección Superior Ejecutiva,"587368153,58",07-NOV-17
2006,"715904271733,848",1,ADMINISTRACION GUBERNAMENTAL,4,Relaciones Exteriores,"1013170123,38",07-NOV-17
2006,"715904271733,848",1,ADMINISTRACION GUBERNAMENTAL,5,Relaciones Interiores,"2371534823,07",07-NOV-17
2006,"715904271733,848",1,ADMINISTRACION GUBERNAMENTAL,6,Administración Fiscal,"106672314,17",07-NOV-17
2006,"715904271733,848",1,ADMINISTRACION GUBERNAMENTAL,7,Control de la Gestión Pública,"82084092,62",07-NOV-17
2006,"715904271733,848",1,ADMINISTRACION GUBERNAMENTAL,8,Información y Estadística Básicas,"67125926,75",07-NOV-17
2006,"715904271733,848",2,SERVICIOS DE DEFENSA Y SEGURIDAD,1,Defensa,"3415321239,94",07-NOV-17
2006,"715904271733,848",2,SERVICIOS DE DEFENSA Y SEGURIDAD,2,Seguridad Interior,"2759869143,91",07-NOV-17
2006,"715904271733,848",2,SERVICIOS DE DEFENSA Y SEGURIDAD,3,Sistema Penal,"444944338,17",07-NOV-17
2006,"715904271733,848",2,SERVICIOS DE DEFENSA Y SEGURIDAD,4,Inteligencia,"446067577,97",07-NOV-17
2006,"715904271733,848",3,SERVICIOS SOCIALES,1,Salud,"3572441068,31",07-NOV-17
2006,"715904271733,848",3,SERVICIOS SOCIALES,2,Promoción y Asistencia Social,"7086159754,01",07-NOV-17
2006,"715904271733,848",3,SERVICIOS SOCIALES,3,Seguridad Social,"36580030366,13",07-NOV-17
2006,"715904271733,848",3,SERVICIOS SOCIALES,4,Educación y Cultura,"7728797037,66",07-NOV-17
2006,"715904271733,848",3,SERVICIOS SOCIALES,5,Ciencia y Técnica,"1619510563,83",07-NOV-17
2006,"715904271733,848",3,SERVICIOS SOCIALES,6,Trabajo,"3148218344,33",07-NOV-17
2006,"715904271733,848",3,SERVICIOS SOCIALES,7,Vivienda y Urbanismo,"4080242243,42",07-NOV-17
2006,"715904271733,848",3,SERVICIOS SOCIALES,8,Agua Potable y Alcantarillado,"886662361,11",07-NOV-17
2006,"715904271733,848",4,SERVICIOS ECONOMICOS,1,"Energía, Combustibles y Minería","5399580638,29",07-NOV-17
2006,"715904271733,848",4,SERVICIOS ECONOMICOS,2,Comunicaciones,"327774648,43",07-NOV-17
2006,"715904271733,848",4,SERVICIOS ECONOMICOS,3,Transporte,"7078153821,73",07-NOV-17
2006,"715904271733,848",4,SERVICIOS ECONOMICOS,4,Ecología y Medio Ambiente,"125931784,68",07-NOV-17
2006,"715904271733,848",4,SERVICIOS ECONOMICOS,5,Agricultura,"557651900,91",07-NOV-17
2006,"715904271733,848",4,SERVICIOS ECONOMICOS,6,Industria,"318582275,6",07-NOV-17
2006,"715904271733,848",4,SERVICIOS ECONOMICOS,7,"Comercio, Turismo y Otros Servicios","190359672,83",07-NOV-17
2006,"715904271733,848",4,SERVICIOS ECONOMICOS,8,Seguros y Finanzas,"1559647454,5",07-NOV-17
2006,"715904271733,848",5,DEUDA PUBLICA,1,Servicio de la Deuda Pública,"12158765839,35",07-NOV-17
2005,"582538172937,275",1,ADMINISTRACION GUBERNAMENTAL,1,Legislativa,"444922060,51",07-NOV-17
2005,"582538172937,275",1,ADMINISTRACION GUBERNAMENTAL,2,Judicial,"1330804650,84",07-NOV-17
2005,"582538172937,275",1,ADMINISTRACION GUBERNAMENTAL,3,Dirección Superior Ejecutiva,"490597862,88",07-NOV-17
2005,"582538172937,275",1,ADMINISTRACION GUBERNAMENTAL,4,Relaciones Exteriores,"770393164,92",07-NOV-17
2005,"582538172937,275",1,ADMINISTRACION GUBERNAMENTAL,5,Relaciones Interiores,"2386587590,61",07-NOV-17
2005,"582538172937,275",1,ADMINISTRACION GUBERNAMENTAL,6,Administración Fiscal,"82654814,89",07-NOV-17
2005,"582538172937,275",1,ADMINISTRACION GUBERNAMENTAL,7,Control de la Gestión Pública,"62191372,68",07-NOV-17
2005,"582538172937,275",1,ADMINISTRACION GUBERNAMENTAL,8,Información y Estadística Básicas,"71238340,98",07-NOV-17
2005,"582538172937,275",2,SERVICIOS DE DEFENSA Y SEGURIDAD,1,Defensa,"2944802880,34",07-NOV-17
2005,"582538172937,275",2,SERVICIOS DE DEFENSA Y SEGURIDAD,2,Seguridad Interior,"2300512951,21",07-NOV-17
2005,"582538172937,275",2,SERVICIOS DE DEFENSA Y SEGURIDAD,3,Sistema Penal,"326326418,55",07-NOV-17
2005,"582538172937,275",2,SERVICIOS DE DEFENSA Y SEGURIDAD,4,Inteligencia,"386572836,9",07-NOV-17
2005,"582538172937,275",3,SERVICIOS SOCIALES,1,Salud,"2830500432,49",07-NOV-17
2005,"582538172937,275",3,SERVICIOS SOCIALES,2,Promoción y Asistencia Social,"5680326989,15",07-NOV-17
2005,"582538172937,275",3,SERVICIOS SOCIALES,3,Seguridad Social,"28867241808,35",07-NOV-17
2005,"582538172937,275",3,SERVICIOS SOCIALES,4,Educación y Cultura,"5461018925,72",07-NOV-17
2005,"582538172937,275",3,SERVICIOS SOCIALES,5,Ciencia y Técnica,"1195922270,11",07-NOV-17
2005,"582538172937,275",3,SERVICIOS SOCIALES,6,Trabajo,"3583120830,65",07-NOV-17
2005,"582538172937,275",3,SERVICIOS SOCIALES,7,Vivienda y Urbanismo,"3057443060,68",07-NOV-17
2005,"582538172937,275",3,SERVICIOS SOCIALES,8,Agua Potable y Alcantarillado,"403000695,24",07-NOV-17
2005,"582538172937,275",4,SERVICIOS ECONOMICOS,1,"Energía, Combustibles y Minería",3484008314,07-NOV-17
2005,"582538172937,275",4,SERVICIOS ECONOMICOS,2,Comunicaciones,"208111065,17",07-NOV-17
2005,"582538172937,275",4,SERVICIOS ECONOMICOS,3,Transporte,"4101415722,78",07-NOV-17
2005,"582538172937,275",4,SERVICIOS ECONOMICOS,4,Ecología y Medio Ambiente,"102926621,5",07-NOV-17
2005,"582538172937,275",4,SERVICIOS ECONOMICOS,5,Agricultura,"401100058,42",07-NOV-17
2005,"582538172937,275",4,SERVICIOS ECONOMICOS,6,Industria,"375831960,95",07-NOV-17
2005,"582538172937,275",4,SERVICIOS ECONOMICOS,7,"Comercio, Turismo y Otros Servicios","114612137,37",07-NOV-17
2005,"582538172937,275",4,SERVICIOS ECONOMICOS,8,Seguros y Finanzas,"3325095847,27",07-NOV-17
2005,"582538172937,275",5,DEUDA PUBLICA,1,Servicio de la Deuda Pública,"12049957953,5",07-NOV-17
2004,"485115194724,755",1,ADMINISTRACION GUBERNAMENTAL,1,Legislativa,"375234598,67",07-NOV-17
2004,"485115194724,755",1,ADMINISTRACION GUBERNAMENTAL,2,Judicial,"1057862535,79",07-NOV-17
2004,"485115194724,755",1,ADMINISTRACION GUBERNAMENTAL,3,Dirección Superior Ejecutiva,"413165074,71",07-NOV-17
2004,"485115194724,755",1,ADMINISTRACION GUBERNAMENTAL,4,Relaciones Exteriores,"817959820,72",07-NOV-17
2004,"485115194724,755",1,ADMINISTRACION GUBERNAMENTAL,5,Relaciones Interiores,"1993468778,39",07-NOV-17
2004,"485115194724,755",1,ADMINISTRACION GUBERNAMENTAL,6,Administración Fiscal,"67033140,85",07-NOV-17
2004,"485115194724,755",1,ADMINISTRACION GUBERNAMENTAL,7,Control de la Gestión Pública,"57016780,16",07-NOV-17
2004,"485115194724,755",1,ADMINISTRACION GUBERNAMENTAL,8,Información y Estadística Básicas,"101069200,78",07-NOV-17
2004,"485115194724,755",2,SERVICIOS DE DEFENSA Y SEGURIDAD,1,Defensa,"2581650227,11",07-NOV-17
2004,"485115194724,755",2,SERVICIOS DE DEFENSA Y SEGURIDAD,2,Seguridad Interior,"2007317814,23",07-NOV-17
2004,"485115194724,755",2,SERVICIOS DE DEFENSA Y SEGURIDAD,3,Sistema Penal,"261684828,1",07-NOV-17
2004,"485115194724,755",2,SERVICIOS DE DEFENSA Y SEGURIDAD,4,Inteligencia,"350061464,26",07-NOV-17
2004,"485115194724,755",3,SERVICIOS SOCIALES,1,Salud,"2624170447,67",07-NOV-17
2004,"485115194724,755",3,SERVICIOS SOCIALES,2,Promoción y Asistencia Social,"4497566666,3",07-NOV-17
2004,"485115194724,755",3,SERVICIOS SOCIALES,3,Seguridad Social,"24745561823,19",07-NOV-17
2004,"485115194724,755",3,SERVICIOS SOCIALES,4,Educación y Cultura,"4195941781,57",07-NOV-17
2004,"485115194724,755",3,SERVICIOS SOCIALES,5,Ciencia y Técnica,"894072240,68",07-NOV-17
2004,"485115194724,755",3,SERVICIOS SOCIALES,6,Trabajo,"3910861904,81",07-NOV-17
2004,"485115194724,755",3,SERVICIOS SOCIALES,7,Vivienda y Urbanismo,"1137602910,85",07-NOV-17
2004,"485115194724,755",3,SERVICIOS SOCIALES,8,Agua Potable y Alcantarillado,"293385261,54",07-NOV-17
2004,"485115194724,755",4,SERVICIOS ECONOMICOS,1,"Energía, Combustibles y Minería","2490400214,33",07-NOV-17
2004,"485115194724,755",4,SERVICIOS ECONOMICOS,2,Comunicaciones,"142893681,01",07-NOV-17
2004,"485115194724,755",4,SERVICIOS ECONOMICOS,3,Transporte,"2250341619,79",07-NOV-17
2004,"485115194724,755",4,SERVICIOS ECONOMICOS,4,Ecología y Medio Ambiente,"74095196,05",07-NOV-17
2004,"485115194724,755",4,SERVICIOS ECONOMICOS,5,Agricultura,"327350605,01",07-NOV-17
2004,"485115194724,755",4,SERVICIOS ECONOMICOS,6,Industria,"110315522,89",07-NOV-17
2004,"485115194724,755",4,SERVICIOS ECONOMICOS,7,"Comercio, Turismo y Otros Servicios","85978086,41",07-NOV-17
2004,"485115194724,755",4,SERVICIOS ECONOMICOS,8,Seguros y Finanzas,"523241592,41",07-NOV-17
2004,"485115194724,755",5,DEUDA PUBLICA,1,Servicio de la Deuda Pública,"5888045056,18",07-NOV-17
